call,analyst_speaker,analyst_sid_start,divergence,qa_audio_offset_sec,window_index,window_start_sec,analyst_text_preview,musk_text_preview
TSLA_2021Q1,Pierre Ferragu,149,0.0625,2040.0,6,1800,Okay. And I had a quick follow-up on -- maybe Zach for you on your Energy business. So I understand when I get to gross ,We have a clear runway for improving the cost for the megawatt hours for the Megapack.
TSLA_2021Q2,Pierre Ferragu,131,0.0414,664.3,2,600,"Okay. Great. Thank you. And I have a quick question. I know, Elon, you don't think it's meaningful today, but I'd be cur","Okay. What you are asking, like if the FSD tech rate is too expensive and that's why we're doing subscription? Or -- I'm"
TSLA_2021Q4,Jed Dorsheimer,91,0.0208,1410.3,4,1200,"That's helpful. Thank you. So, you see that '22 is kind of the opening of that the energy business reaccelerating?",It's hard to predict 2022 because we still have lingering supply chain -- there are still lingering supply chain issues 
TSLA_2022Q1,Dan Levy,78,0.0353,1222.2,4,1200,"Hi. Good evening. Thank you for taking the questions. First, maybe you can just talk through or address what some of the",Special mention goes to the Fremont manufacturing team and our associates there because we’re achieving record output at
TSLA_2022Q2,Toni Sacconaghi,105,0.0724,2271.0,7,2100,"Yes. Thank you for taking my question. I have two as well. In response to the question around demand, I think Zach, you ","No. I mean I think we have said this now for many years, I know has proven true. Tesla does not have a demand problem, w"
TSLA_2022Q3,Colin Rusch,106,0.0435,1431.5,4,1200,The operating leverage has been pretty impressive here. And I’m curious about areas where you could invest in an increme,"Yes. Look, we are in the -- at least for now, quite in a good position of -- we’re investing in everything we can think "
TSLA_2022Q4,Adam Jonas,137,0.1185,2409.9,8,2400,"Hi. Elon, first question is, is it time for Tesla to significantly expand the captive finco? I mean, you only have like ",Zach maybe is best to answer that.
TSLA_2023Q1,Dan Levy,150,0.0722,2737.2,9,2700,"Hi. Good evening. Thank you. First question, you're ramping supply at Austin and Berlin. So I wanted to understand just ","So that is -- yes, I mean, there could be like obviously a macro shock that is so severe that people just stop buying ca"
TSLA_2023Q2,William Stein,103,0.0229,533.9,1,300,"Great. I'd like to ask about -- so to stick on this AI topic, we've read with great interest the developments in Dojo to","Yes, I think it will actually enhance the value of Tesla. There were just some of the world's best AI engineers and scie"
TSLA_2023Q3,Colin Langan,124,0.0182,1771.1,5,1500,You said in the commentary that you're not going full tilt on the plant in Mexico until there are signs that the economy,"No, we're definitely making the factory in Mexico. We feel very good about that. We put a lot of effort into looking at "
TSLA_2023Q4,Adam Jonas,76,0.0328,767.2,2,600,"Maybe as a follow-up, Elon, I'd love your thoughts on the topic of China-based OEMs expanding into western markets as th","Well, our observation is generally that the Chinese car companies are the most competitive car companies in the world. S"
TSLA_2024Q1,George Gianarikas,123,0.1111,1583.5,5,1500,Yes. So my follow-up has to do with the first quarter deliveries and I'm curious as to whether or not you feel that supp,Yes. We think Q2 will be a lot better.
TSLA_2024Q2,Colin Langan,114,0.0636,1950.0,6,1800,"Great. Thanks for taking my questions. Do you hear me? Yes. Yes. I guess we can ask Trump wins, there's a higher chance ","I guess that there would be like some impact, but I think it would be devastating for our competitors, but -- and we're "
TSLA_2024Q3,Adam Jonas,103,0.0232,150.0,0,0,I just had a question about the relationship between Tesla and xAI. Many investors are still not clear how the work at x,"Well, I should say that xAI has been helpful to Tesla AI quite a few times in terms of things like scaling it, bought it"
TSLA_2024Q4,Adam Jonas,73,0.1111,262.5,0,0,Care to elaborate? Or just I have another question.,"Look, we even have a radar in the car and we turned it off."
